Sequence,SeqName_x,Position_x,Kmer_Size_x,SeqName_y,Position_y,Kmer_Size_y
MKI,qseq1,0,3,protein 1,0,3
KIK,qseq1,1,3,protein 1,1,3
IKN,qseq1,2,3,protein 1,2,3
KNY,qseq1,3,3,protein 1,3,3
NYF,qseq1,4,3,protein 1,4,3
NYF,qseq1,4,3,protein 1,73,3
NYF,qseq1,4,3,protein 1,90,3
DVI,qseq2,8,3,protein 1,18,3
VIF,qseq2,9,3,protein 1,278,3
THY,qseq1,14,3,protein 1,576,3
HYH,qseq1,15,3,protein 1,577,3
YHN,qseq1,16,3,protein 1,71,3
YHN,qseq1,16,3,protein 1,578,3
FMT,qseq1,6,3,protein 2,246,3
MTQ,qseq1,7,3,protein 2,0,3
TQV,qseq1,8,3,protein 2,1,3
QVL,qseq1,9,3,protein 2,2,3
VLF,qseq1,10,3,protein 2,3,3
VLF,qseq1,10,3,protein 2,70,3
IFF,qseq2,10,3,protein 2,79,3
LFY,qseq1,11,3,protein 2,4,3
LKK,qseq2,4,3,protein 3,84,3
KKA,qseq2,5,3,protein 3,85,3
KAD,qseq2,6,3,protein 3,86,3
TQV,qseq1,8,3,protein 3,150,3
VIF,qseq2,9,3,protein 3,162,3
IFF,qseq2,10,3,protein 3,163,3
FFT,qseq2,0,3,protein 4,101,3
FTR,qseq2,1,3,protein 4,102,3
TRL,qseq2,2,3,protein 4,595,3
RLK,qseq2,3,3,protein 4,596,3
LKK,qseq2,4,3,protein 4,297,3
